Actual,Predicted
18544,350.47964
14919,120.7063
5858,36.174274
6048,124.746155
