{
    "r2_score": -4.041950702667236,
    "rmse": 12439.576198568824
}