Actual,Predicted
18544,288.86154
14919,101.50552
5858,32.635185
6048,76.94102
