{
    "r2_score": -4.069844722747803,
    "rmse": 12473.938912789336
}