{
    "r2_score": -4.058610916137695,
    "rmse": 12460.111074946322
}