Actual,Predicted
18544,302.03668
14919,113.56764
5858,40.052967
6048,115.13409
