{
    "r2_score": -4.108531475067139,
    "rmse": 12521.441450567901
}