Actual,Predicted
18544,195.91524
14919,69.88883
5858,21.291
6048,53.793808
