Actual,Predicted
18544,390.2
14919,137.02072
5858,82.10188
6048,140.61235
